,0,1
0,484.89155501840554,-31.006357052356066
1,489.3911782449288,21.973915633917063
2,462.8865749487044,-27.59988885077133
3,517.2184791068717,5.588089596256003
4,455.66904860481725,1.982180846643086
5,455.74220553592073,-25.126801272140433
6,476.77533548604333,-65.41434818080148
7,417.62094332761774,-21.7464667873444
8,438.8158414444548,7.686687218870478
9,441.7726419484994,-40.97385127540207
10,512.7757162482592,-2.2432761573931685
11,470.6052962709447,-35.079042822437344
12,452.0014822812595,14.122983475374753
13,433.53699724891715,25.19653882574175
14,449.7618216039759,8.303344165458853
15,449.4243101237682,75.74920296087558
16,466.7454784563614,-8.42575073104706
17,491.48200262309985,-10.197117062389829
18,472.7072101350495,-29.2415236689584
19,426.211769190286,38.57245385822584
20,487.8078129346156,40.92322798184037
21,461.76126437667835,29.862034474640375
22,420.4323995903026,20.41006502428482
23,450.50670924016345,76.826461346946
24,474.15271898462277,-4.67397214076658
25,473.0654911857779,39.76611418495229
26,442.5146375653203,72.76701102159298
27,493.2121529394812,85.44993306112399
28,436.5460768009857,51.32651053803225
29,471.0815283064513,92.95701110653309
30,446.17003158630837,61.20496472551562
31,426.73747697194256,33.96879153478339
32,483.66622683456194,113.61850524206534
33,456.4737581366867,106.10954189778806
34,468.80746172080273,59.71802806011755
35,468.105304558541,128.27647746866967
36,455.4744743177647,132.1340230127155
37,377.2235133346447,112.90657364311907
38,457.67471029219803,82.3293948837277
39,457.0444038603806,34.717876144400606
40,446.9105872460922,108.09873998704347
41,497.0276407588824,84.87264659673905
42,427.60703105820926,88.39828335265167
43,478.47589932410517,116.33850104845315
44,434.25403672546037,124.89357601301533
45,452.1732209891291,141.56898095097475
46,427.2944329630947,105.68821901620285
47,435.6690277793568,74.61534234455391
48,455.3732790705467,129.34929298178363
49,445.6816618468506,117.47088318621928
50,402.08695023363487,114.87390014469162
51,433.2677170015691,106.40348682695618
52,437.69296623992216,145.56554053190737
53,498.0808449827481,141.64710664644852
54,448.16689619879565,137.1355826496607
55,381.8037923679658,141.52604532378203
56,440.08184967232694,219.1644234701881
57,431.3936422848723,157.25235962663376
58,434.99420313794815,116.07734222368687
59,469.1729273795763,176.6202673229422
60,457.45353507862205,129.69797922505808
61,474.622432745312,117.83401587713215
62,448.94208274906555,228.50566491299762
63,400.39983392901456,148.69790153051807
64,431.8668537946198,153.46967569390432
65,381.10068337847474,173.51010710101212
66,394.4766822899683,188.53231028723
67,397.47025831548376,223.68582264716827
68,400.24461350047136,170.38101871973288
69,446.8190427540999,145.96371628951766
70,427.89077772222527,224.94230546895233
71,371.4781287463487,194.09689908143557
72,426.1170022200706,214.83380167277005
73,379.81219074928947,154.57790965248785
74,431.1615090626908,205.90479006676898
75,421.5830099171485,210.1833765956532
76,392.2149140188729,209.5431499535593
77,419.93778741643706,183.92142354187524
78,465.6313904296208,222.33408946132317
79,372.41423510585236,230.57344530987254
80,377.39077729814045,237.2376009749397
81,439.84974470498497,191.74320122359447
82,432.4366344595747,231.47598047784035
83,426.62351339625235,278.7153902974988
84,393.00937002188573,201.90862294446094
85,372.07789520806045,202.74545834179003
86,394.8256645672244,240.1432305548541
87,403.7979648772465,257.4028124517286
88,394.22902479887887,278.86161446808654
89,384.22425775386887,319.5184724871869
90,409.2423115820347,214.84589937094947
91,356.63724507923746,257.6713458244301
92,380.33533324681,267.2429501369779
93,399.4950783351127,246.25294086438777
94,358.1364755952288,205.5962721854894
95,368.37085025220307,279.3264383930824
96,386.39886698663224,218.84389943593578
97,383.3650531341275,270.3458731029989
98,349.831359130513,265.9569930126539
99,376.25475874085373,229.6035172113179
100,383.38756366600944,283.25194587157665
101,403.2750297306966,300.5665530898065
102,327.56713873057276,243.33001964705863
103,382.44625734017745,289.378727374669
104,380.5289367770266,392.0354715461299
105,380.2709313891045,312.99677575058513
106,389.81545819309014,300.93562778323025
107,349.7730734443013,306.6147572601483
108,334.06677366323976,279.18052275436196
109,340.6957149530215,291.16821905593457
110,422.68626040488016,235.10837081053978
111,371.8090612169593,245.1465046490326
112,335.02300167067796,328.58538055946036
113,349.0540909409158,265.96053453859906
114,323.5964235374308,321.04386512986616
115,321.05957376057694,309.4996914045851
116,342.238041566484,285.7947778401855
117,403.07488135884677,326.6839747300526
118,275.8733955115518,315.5703188042924
119,314.6307197676541,337.8465530082311
120,308.5509429405423,311.1148109496673
121,345.3041308133672,342.79930873150613
122,291.9593492992423,309.0476724215079
123,311.519479269814,301.7251079222132
124,376.5170178017067,335.7028419221024
125,283.49846626937324,353.303697016286
126,382.74739540711533,358.94219932744994
127,271.2455539277821,315.6274902579659
128,352.5642386692729,311.09648112495995
129,325.58813580873124,357.72333531358584
130,282.1687752138671,334.841912429426
131,210.4283838584401,308.02492943905827
132,297.7657437265652,303.43739091042414
133,351.9782728350749,300.0663313732721
134,287.4545980609164,348.97775213381254
135,341.5310765484617,304.0498258326687
136,330.8117752150882,349.48794947494855
137,264.08272125328364,365.0843597336221
138,297.0981174554963,335.23999708991107
139,290.80605742404543,343.6972134820418
140,289.6906013140997,377.1154503349983
141,331.42618512971086,322.0966858187062
142,345.3848914837443,302.632771302619
143,274.3762536940997,380.7937322628467
144,284.88328285853925,346.39652059322736
145,267.72148133658453,352.20517128415264
146,253.78382813618597,394.3852826799162
147,279.6629561077109,349.9962045776186
148,293.4164063435271,381.8729284818592
149,288.27848971140537,393.39736244518207
150,236.4753895066259,359.5416510106379
151,281.20515986483167,396.480733321596
152,255.58901497837098,383.4958761619896
153,291.964421437031,364.01915714913883
154,267.45461036116643,377.4745075642641
155,241.90737214727736,418.26125515752204
156,270.58542578385607,411.4445058866047
157,282.3615375817644,389.3941352700536
158,261.0192152022869,381.16428845128087
159,247.63838806415157,388.259671119977
160,238.1654711031486,411.69367880564903
161,208.04069448364376,458.2688591679097
162,199.72814986536375,360.7130574660156
163,261.9630930957552,422.51320891571424
164,243.2443023867503,419.22137877990025
165,221.444197632473,375.04407745184267
166,221.36668941555726,383.22049923688166
167,245.61726277667833,400.68015588969865
168,188.8601469588908,396.9896521553703
169,223.26478067912643,391.2416034378125
170,183.4524899669766,416.9687714400355
171,212.70096321592797,395.9373179563427
172,188.44438987017944,419.5771537869567
173,156.34740006582416,371.84431117547564
174,175.44192323220034,409.09984754282846
175,203.51883501295626,461.1813985841185
176,217.10890421551133,413.52236249371515
177,187.98739708838573,389.6267448440513
178,185.1726287607078,412.40722051649726
179,192.57120259267901,397.5965979264401
180,195.62325963313828,469.72437966063586
181,173.92498604293627,437.10433700546616
182,195.02885711950793,414.30917954517633
183,178.17599231114383,427.9983583339126
184,171.50422827385523,405.68701932632655
185,166.42213864636946,445.05587242029867
186,206.32630437254954,460.11449471761364
187,224.48502148624726,409.51817653058754
188,183.14922197052056,439.22283683948126
189,219.7563643388691,410.6392943834712
190,125.94602808684958,418.0537768657848
191,84.48906762733117,421.3918205778832
192,122.49318024901855,442.78675696838246
193,152.5741408605733,495.65205400341364
194,167.88167526822713,423.1332748072407
195,109.45733212104261,456.25284309162737
196,93.83701861685196,497.475300565533
197,165.85500852524333,429.473882934231
198,76.099223954926,485.1642437201097
199,121.0723018298952,482.66274750678065
200,73.68480505255594,428.5084200699962
201,118.67810178006295,448.84169018626375
202,102.01611926975853,467.0415237498403
203,80.48101835351025,444.9895099580491
204,113.10442197097161,465.580007860234
205,127.82441410132928,417.2745730379069
206,57.42756953811906,490.1921438019601
207,110.39017350433625,430.23622331994034
208,143.91992210736677,456.97098291000333
209,129.72385910434218,456.3171350066188
210,153.12205314416326,507.7235235183491
211,80.78057405749018,484.96299498596767
212,104.55599182584973,497.60820221703375
213,53.18767665728744,477.8449801932417
214,110.82435530375888,405.1961963766803
215,40.505799581054006,397.45709645129375
216,64.84909935160394,480.8167198366149
217,114.92570182008434,462.1503696047167
218,115.63320039256885,419.1422149752203
219,12.589184112207619,459.47719439744577
220,72.12484528174792,460.7417600548421
221,-4.5117335135582834,459.60856607921903
222,15.282637341221317,482.9124740394002
223,62.3165299803472,435.14657851411334
224,32.801225000014654,432.06776464090035
225,43.232421642183375,492.9801419839942
226,12.433609886059735,479.9094547668608
227,22.987416791145762,441.44452788045527
228,32.57126874750455,434.59654586217204
229,16.057137621736672,430.1210138795735
230,88.49033403492652,467.49920884405867
231,5.43642719696323,473.22505258203086
232,19.935735646905094,460.52130721250273
233,38.60585842691022,490.20073979206927
234,1.139122230941318,450.5064350821996
235,5.674047360822222,399.00916962951874
236,-34.660426081877866,509.33919204035067
237,57.012434169004884,461.1083689436156
238,21.826721748875876,478.1437578169187
239,93.76168401831377,502.60061155717307
240,-5.5782605034107995,440.5345618364747
241,-53.071230517842366,475.4723873790254
242,-30.706463199596655,426.8488560511321
243,-30.552095192308553,437.1982962118628
244,36.319628591241035,496.2024728913493
245,-17.674131517829757,514.2404188083508
246,-18.254730912867362,444.07265015055657
247,21.976742259765995,486.1278234124478
248,-57.975812647014266,464.2799700855603
249,-56.268547601542686,428.5160080710699
250,-5.356245556830228,527.2726296421724
251,-78.24004715625057,486.8495992026252
252,-58.94349693135894,455.2974146774636
253,-60.33686544883478,443.9223715512555
254,-44.249730700719326,444.8247766905347
255,-40.73138656157212,468.1375930368205
256,-59.152500564924786,442.2895574778144
257,-72.42529900693484,492.0302150777814
258,-43.23175161228083,439.874117710531
259,-58.41529060177992,491.55497791528944
260,-114.61217129084409,485.1070589520107
261,-87.54211553234182,485.69741018810174
262,-93.69308048035427,414.1865009970794
263,-122.75187141186647,469.50935297142775
264,-69.26248160761274,440.6514835484078
265,-61.0230836622863,417.6299066225813
266,-85.28797109704942,430.8199092056258
267,-105.98327567080563,468.2276153994966
268,-115.36098100595348,454.9046359580121
269,-62.477832505718965,448.7505945715444
270,-70.71141618418696,431.76260989502475
271,-83.00102000486055,508.4777714680626
272,-176.15472627994478,440.8812016372112
273,-87.80063074496239,458.2345107876672
274,-97.08285631897614,445.72461469609425
275,-108.72088897325479,458.67265504217164
276,-79.38326050657274,470.45492287353545
277,-107.38344962538201,449.92585828092865
278,-135.23106853574356,448.7458568630762
279,-111.85709302151339,448.5140909397365
280,-118.08148831853777,522.8072826810302
281,-103.72124915425277,450.1468202270882
282,-96.89488672002238,447.04819097208946
283,-197.14729101636294,428.3914724565746
284,-195.19537832904695,447.41297644813443
285,-141.58282909900407,507.55655576154703
286,-135.38689212537048,449.97623962679734
287,-123.36733107635766,389.48180718710046
288,-144.23117865444675,478.1892540616619
289,-198.70253095582268,488.6042018605234
290,-147.23047061685872,441.04210646419347
291,-141.4372971617599,520.8116051507689
292,-157.99500700843294,459.30845673401495
293,-180.25679474486998,425.51850470909915
294,-144.58547852328735,424.4643280612055
295,-170.36264411840625,434.93117110573445
296,-161.14868864174414,458.3658889380237
297,-147.3945924607805,432.1317804076791
298,-189.61388287518815,417.1267592851401
299,-197.83729498975714,456.84727293892234
300,-164.78360132829184,416.8831127698186
301,-164.38362730043497,484.2182882615206
302,-181.04096773076026,498.8354119666444
303,-219.62344823460057,404.1556268470897
304,-252.73056758977404,485.3217138217882
305,-182.69049189663681,437.6993886996234
306,-196.86810130603493,404.51027195514484
307,-134.83337996812062,441.04110668756283
308,-207.85583951412602,457.80855494606624
309,-199.63199939023758,441.60476367249964
310,-240.6938365322596,447.8666273814105
311,-163.4288128666496,472.90120480187835
312,-174.99639733951634,415.99989964212193
313,-255.37497802635863,426.34231607994576
314,-226.90219794872948,461.703058396119
315,-282.22715674827595,473.50709589427714
316,-239.0647743255442,413.53936160332887
317,-267.5509217544471,375.40728518652475
318,-215.3477466870457,425.9417512862106
319,-281.588472774768,383.56116307110125
320,-255.8015638191834,471.13762544278313
321,-256.3456238663747,374.6083371896423
322,-258.75140744202923,410.13881130018774
323,-335.0982073332632,415.2918660800975
324,-263.9232857760337,436.38945303858645
325,-204.32124746238355,447.865175293205
326,-270.6421997553741,379.4198784039775
327,-188.1511719851705,412.92216623791126
328,-267.70122307658124,408.934402481978
329,-264.934294227822,403.82252766421345
330,-290.83492306907334,390.2254591677483
331,-277.34626888062564,388.78913420074997
332,-300.4779261500603,406.728257413002
333,-289.46091734050606,447.08149825389836
334,-364.04980212697603,433.1162190596457
335,-249.83721111582432,336.5616211245817
336,-300.18929913276526,385.9954898697738
337,-334.81266582218257,372.16274026961963
338,-328.572867517342,446.4070813452503
339,-269.84304569507435,430.31061560083236
340,-278.91046414214077,356.6007380125677
341,-318.9327813555277,403.4452568579085
342,-342.4867695809735,408.42916971175725
343,-315.647570188838,374.0533253714184
344,-289.7128898799606,396.8681864818621
345,-324.4634595379507,416.5461929151411
346,-348.6479626252924,398.45412287105404
347,-300.9933139720824,368.88323217917224
348,-311.5612491670244,338.81367492498794
349,-296.1718155700295,368.96143309418403
350,-342.1101006961008,404.1242196306677
351,-350.0828022450422,328.52965354453147
352,-378.16364605022943,387.07751830965464
353,-372.3780294221913,419.6390247834486
354,-398.91140906299995,415.9711972365463
355,-332.59928252908867,360.2428227121976
356,-357.74146284832466,373.16948871885626
357,-344.9747217180956,392.33020724400745
358,-342.85825149670103,361.7605829432233
359,-359.62036124076053,353.5482526762626
360,-341.89227352153046,301.94145162497614
361,-393.9735434478936,373.5191783264054
362,-350.79089950660114,343.6614575537805
363,-357.7398598845165,357.553141528902
364,-376.84872307110686,321.7063930531603
365,-357.1305760641953,313.61938938364017
366,-353.0952055969258,289.79337824223444
367,-336.7917349407429,352.9344831514783
368,-362.2957973317933,366.1084026296454
369,-322.3093196304671,364.91541566124965
370,-429.7831311336236,293.93925609145225
371,-395.57121023727285,330.9372439502784
372,-363.5529388826627,306.1959271163116
373,-375.72198196511215,303.1063506340431
374,-401.8989246830322,281.3535576878271
375,-413.4648359879698,280.7744467309346
376,-417.2444391002356,350.69196339497154
377,-418.6364791089118,395.79811485152413
378,-377.5270280670967,320.1019879045204
379,-420.2350471161422,333.282849346614
380,-413.89680789841333,313.6369838005703
381,-321.95402253102304,304.7846070687728
382,-366.3926865807993,284.2474955145834
383,-404.0202274269999,356.12995278619115
384,-423.86454654886285,355.02938940173374
385,-385.8931323043877,281.41887459965017
386,-390.2087254726954,325.0934961392412
387,-392.5669566392081,246.42123918800843
388,-435.06061867942105,283.70076752174697
389,-417.4896242608961,307.3321578008651
390,-411.92050007136925,246.22475019525928
391,-407.8252152533328,302.16325300386495
392,-404.40169185036285,313.817312010695
393,-398.1265514318423,292.70520892202023
394,-427.1824775316046,226.62469882100845
395,-414.1066527499401,280.195779462196
396,-420.74985465342434,233.16231356990298
397,-463.2151886476862,300.5470771287465
398,-433.8405974712606,286.8734310017084
399,-433.6589459035598,264.785310331109
400,-408.1985680372671,245.86389798776685
401,-435.2860020503625,244.91809304998253
402,-453.01094148569564,246.94089909323617
403,-435.1022856652024,239.2720159134739
404,-405.86760337007536,224.20346985948015
405,-450.90409892274715,235.24587649586866
406,-403.6298802759737,251.71957860956223
407,-417.8086838370118,198.6303621760254
408,-442.46078317300675,267.24954993214106
409,-449.6954430727448,269.87780874145886
410,-469.3576215455528,277.53601535893443
411,-386.5302971887685,221.70215816745804
412,-470.50379149167077,273.5102056238857
413,-411.3761637249048,211.53396607615508
414,-472.97661801484765,216.06716960937032
415,-502.29522392744593,194.2520424233545
416,-493.65957358480705,196.0586257166216
417,-466.13242395636627,223.3901127502414
418,-420.1162126205378,183.6744416405024
419,-438.62366806763436,204.45717172409235
420,-471.14206638485115,228.3636865989676
421,-504.82727386434567,216.8242584681877
422,-467.62208941983596,217.34907695897354
423,-465.39316508953766,273.4489345080708
424,-494.6354616217233,181.0653412197189
425,-495.6149278683748,177.52729447020852
426,-497.4421322118135,227.0496114526773
427,-437.0874983434899,171.43549451298213
428,-506.03764687722827,199.87048953207156
429,-498.98021756143896,201.87760031520156
430,-477.65452164501954,134.57054075598606
431,-438.62782930259607,231.06412068950758
432,-504.729454416283,162.69349057009504
433,-479.0446245887116,181.4869215564421
434,-469.1209846618056,228.8800814803808
435,-495.4243405077567,141.73791608244758
436,-532.7159467754933,140.86409494044068
437,-493.532412603443,213.7262836664341
438,-509.25091563841585,163.69324141806706
439,-495.3809298263083,189.7140745457814
440,-420.2275834528968,135.21162016466326
441,-511.8476545038527,179.53076566869754
442,-477.8181986853068,200.66837986771054
443,-481.84908326715816,131.54269886364676
444,-482.72073955634346,172.6300675401329
445,-476.88080251051133,151.6279931947122
446,-470.53129690222784,168.52288254084132
447,-462.08438276624634,149.93310153129391
448,-509.561614904653,131.89467042065195
449,-469.33298915232604,100.00042705785667
450,-495.4294714924223,109.71747044656617
451,-506.569927685277,156.87434666673644
452,-502.6230537388182,116.91117985882033
453,-550.0565787380856,134.89723821580463
454,-490.7823174042393,174.39319471877837
455,-520.247182841633,113.05047758858068
456,-504.38032863368227,150.77459305309185
457,-515.5496853882455,108.79139891805869
458,-495.2638485897213,102.98363653638185
459,-527.6845890008314,100.16764336937662
460,-482.8543457492598,60.50415641537188
461,-511.82677623293074,67.2458740636871
462,-480.69785662331805,39.49910619478199
463,-534.0310918114362,93.45173672662614
464,-470.9926600923435,77.09911286608153
465,-535.2900475848927,132.4382670442451
466,-562.7308691752233,6.96712568633825
467,-506.7270926905235,54.79336352662519
468,-551.1822432355884,88.02542744441072
469,-513.8296039512084,46.76829837076042
470,-560.1317344577917,86.77660166197296
471,-502.7761319258429,54.53625357425644
472,-467.42318769306905,22.314179366582245
473,-569.1087272316762,30.561340501004324
474,-525.2117507882338,55.51741599979624
475,-531.5629541046469,55.674456455807466
476,-562.3342420270387,85.31832939832387
477,-527.6952482001027,72.41402028996285
478,-515.3720551434221,49.48477612075471
479,-508.96433225027283,46.0978735826715
480,-507.15961948888054,69.42315595140771
481,-520.91002016896,47.69830516439609
482,-529.8424660271162,66.50909360111422
483,-547.7672775524281,74.20907041293196
484,-528.9857208208703,-25.869096404284264
485,-524.2236721242626,-6.505951448874846
486,-503.1136575473532,-8.783413594992993
487,-541.9649531267503,-49.02281916439964
488,-542.3754427580849,-68.1863669416659
489,-576.5304489187075,24.20769944898549
490,-505.62677029496257,11.022994094561064
491,-558.3777625968851,-6.309181594374564
492,-529.6245435117794,-42.76688151684381
493,-484.5427872672801,15.165960052237413
494,-536.3822053977557,-13.488045291099954
495,-523.5906104032234,-78.68699833106004
496,-537.3264976660224,-41.03530758222995
497,-560.0091223987555,-32.14998884490245
498,-476.0595346225829,-7.633142179210365
499,-547.1353696934839,-12.822516559315183
500,-488.00946733048846,-5.402561495396375
501,-528.1716110043028,-55.69112327284351
502,-508.9644767819968,-27.619658295051618
503,-502.986298040818,-23.509893671209703
504,-498.26669872328574,-61.76243588588125
505,-490.12291435126485,-42.91710319419538
506,-467.25864116030436,-72.6596937016196
507,-477.2895642080512,-49.18483558600527
508,-548.7433151629209,-72.77584226264187
509,-538.6237834599654,-48.67028137259917
510,-513.1211885395476,-81.74101297536028
511,-529.3100878981364,-3.395292005610493
512,-476.5066689139936,-57.70559569385787
513,-526.9267002265402,-70.32465847382383
514,-509.3754431196275,-107.73793361520944
515,-535.1968046133504,-130.23837964193527
516,-515.1737015203411,-63.88969894654767
517,-541.3012491289854,-39.20858953803983
518,-563.214272174977,-133.47982645372946
519,-519.3237961004397,-61.253667703787514
520,-475.1359847910172,-109.54870743220951
521,-492.8702878453867,-100.05039942734032
522,-529.96687829955,-75.49559315152602
523,-504.7561860165544,-152.40455926990614
524,-479.547959805792,-66.81449189569183
525,-542.1098531492199,-99.4444765943195
526,-508.00139198601687,-106.59650938164972
527,-538.7913218799653,-137.66023052577958
528,-522.4892246274081,-85.42101123578779
529,-504.8356207265113,-134.80908725544555
530,-497.3942974022167,-212.2310126443325
531,-485.4645551809603,-182.04640362054664
532,-530.1636804048301,-166.52140122372492
533,-557.4745060557239,-101.1787513396717
534,-531.9894170087305,-128.6765042463498
535,-518.6710537596641,-127.82415565799695
536,-514.2445987592556,-183.68448006395244
537,-485.9278618739227,-163.06219600670178
538,-561.7607552048455,-164.14307022668117
539,-469.26878684528623,-128.83829131902272
540,-523.9603079134532,-167.8630939712441
541,-522.3398709531584,-98.11831363812318
542,-500.4037755780583,-150.54974524445566
543,-480.1053321720877,-159.3122929878672
544,-517.9181072130926,-175.38604849216404
545,-511.4089322911098,-173.62629833028336
546,-486.5271394703058,-173.959706839917
547,-485.4530700568541,-180.94228819177502
548,-504.1306150491266,-241.46365535235032
549,-478.03842790650236,-174.11384291053386
550,-474.60776919935773,-274.38092117346304
551,-440.89791135395035,-194.65949374825996
552,-469.28605308777696,-224.64119264123718
553,-483.1120507945551,-228.01223915670306
554,-519.1534532979869,-141.9480195066422
555,-505.0874008498374,-195.79847539186693
556,-472.1729114534335,-190.3967034564515
557,-492.65190407399865,-197.25710928263874
558,-423.93308867195725,-212.86624726328037
559,-488.85527154267675,-182.5426444621106
560,-460.5567986785911,-181.36869370208882
561,-473.37669675635345,-254.1796951428151
562,-442.3334239660245,-257.18235792925896
563,-481.03685972576415,-248.31510891918205
564,-490.8014632397803,-218.711073008286
565,-477.9798698469505,-218.7955952297729
566,-437.93445562999204,-220.71850832275507
567,-492.37768440121727,-208.2651754479913
568,-448.05809760281926,-276.8710986600129
569,-464.49152413751403,-221.8544635132094
570,-489.99388478490107,-204.45681844113093
571,-484.2042933941613,-244.79058972132026
572,-483.51267312113396,-250.91174409200684
573,-509.8089646824879,-297.3931345228451
574,-427.66811019743477,-282.4040903193232
575,-503.8099948904615,-324.39163371885536
576,-491.78450809691265,-302.2682328409541
577,-421.88515841338557,-235.05745340238727
578,-490.3026654506098,-200.5460276736403
579,-438.7003754121839,-280.62177855611634
580,-541.6133988511672,-204.896785684944
581,-506.7790513376707,-325.7256331828527
582,-432.85823762195577,-205.89998047956738
583,-420.43352404110215,-264.8943272163096
584,-442.52838325201327,-258.9182411117764
585,-435.99547040322324,-278.78402417167194
586,-454.0126827310913,-291.7864651473405
587,-478.1161785633462,-301.0075672866511
588,-504.62767246840315,-298.2057809572096
589,-481.821695965535,-331.0210770059715
590,-445.0754666144801,-258.80055747310007
591,-421.2145218410015,-350.3121914758298
592,-476.72806090369573,-277.5997996745686
593,-474.7725714040556,-315.1768027440047
594,-427.0387241665444,-340.0920225719744
595,-438.60503362983485,-353.6552394109244
596,-458.01708398126254,-306.62260477301936
597,-485.959437364542,-305.5721095723219
598,-436.93621618434736,-304.7705412017737
599,-427.79107316553376,-282.9684132470214
600,-428.8972077761238,-339.3105763142872
601,-427.1145673444698,-312.6535506576678
602,-427.43141765951435,-330.2470201083959
603,-448.0549499581203,-353.8521763738312
604,-467.155664341836,-283.96622453088014
605,-460.46011313004794,-359.7169624790444
606,-442.74762325536994,-314.54615893572316
607,-428.07964113227246,-306.4134184651383
608,-437.456248826683,-337.9152560898482
609,-440.3170329856874,-284.3575210411432
610,-448.8744559755603,-341.8317052814814
611,-392.207949077761,-341.11400786117724
612,-414.73958741069214,-359.81148364244217
613,-405.81134620867863,-362.7029379253329
614,-376.1391613113824,-294.34024261408547
615,-419.695326262326,-404.10002310449823
616,-403.5193478199073,-287.9515081387304
617,-422.86679571817893,-318.49289989719017
618,-346.29664868898675,-386.5843366124494
619,-377.4148213351475,-323.42165427048826
620,-403.7003973231479,-380.66431499674513
621,-407.60493986241266,-407.2693548271885
622,-407.4465678628958,-415.8009174996041
623,-384.74533455686577,-404.42418183118394
624,-376.5398132395512,-430.23025997938265
625,-371.3985779329909,-360.7619697563749
626,-438.89477877388003,-376.7465444154884
627,-339.99658313220374,-426.4437430046896
628,-324.37973258854316,-379.755994812542
629,-393.4239086370966,-396.1573860404369
630,-353.22688198555784,-394.34751136890776
631,-351.50372428712114,-426.376766471468
632,-360.26196354727756,-443.28232127651916
633,-366.3427155575869,-430.0878019560347
634,-382.72183093951895,-367.9727395589166
635,-325.5535742586502,-388.85154674083657
636,-388.6862455906166,-418.6732111352052
637,-317.1350497853466,-406.9697480965268
638,-281.5464403888415,-401.4469682228436
639,-342.9505213796439,-424.5301153139697
640,-342.27885381309386,-421.82562519078317
641,-322.6024203446924,-390.5300812796743
642,-364.9735740592948,-461.13239389502735
643,-394.0159677382659,-407.9044762609333
644,-369.55452501170447,-489.6642239764197
645,-322.3077907113736,-352.2052138009341
646,-331.6468981907091,-403.7424965357362
647,-326.4976107723326,-433.75018203117247
648,-298.8561155908965,-441.36217918122054
649,-315.87085672407954,-424.85756300159323
650,-341.38795344357936,-406.58581173045144
651,-324.0351444119961,-460.8419801433773
652,-300.12076749018314,-466.93009411645744
653,-312.7890398423044,-442.0398687135398
654,-278.4648219511181,-429.29934015088224
655,-309.1886170064483,-420.7649606218977
656,-264.11670884369585,-430.30490761602965
657,-302.886594771833,-488.11910699157573
658,-332.51403595569917,-459.6290322797246
659,-316.19876355427664,-457.77310184057103
660,-293.55609440645384,-437.9481854118397
661,-294.70227832242045,-440.90219158255996
662,-287.9744388660511,-516.4027128402637
663,-315.399828705316,-463.0859547684745
664,-320.81155016041885,-442.3731516020858
665,-235.8890758475696,-425.3988530454981
666,-285.4958387976516,-418.81356647674653
667,-271.90364705808247,-475.204456468304
668,-292.0271427688942,-475.70531799960406
669,-282.5221416070945,-463.0408533506672
670,-263.3018824024734,-469.56677449067587
671,-252.24382099027574,-435.42622497388646
672,-234.0889149754896,-517.1625947197247
673,-336.40756435780247,-446.0386270695941
674,-298.0016108222361,-482.2462241509644
675,-289.29499882679676,-530.9801252030326
676,-235.13523367330714,-455.54586358353856
677,-265.85319534726784,-557.4338945475329
678,-262.11535628805393,-469.312859522025
679,-287.25699284576035,-476.912728639635
680,-240.5021596810929,-466.3634672825259
681,-233.6003794442176,-514.2450535689445
682,-198.42739231823967,-491.10168089256064
683,-232.27235404212934,-515.6186250826546
684,-241.87241285313547,-515.4213942627977
685,-230.8752152163039,-438.7646692786649
686,-263.9490304266387,-539.7432118713598
687,-175.75443793609224,-498.818313731785
688,-237.05178502869785,-462.5254360454484
689,-232.2307425344448,-440.10795153771767
690,-190.79990721209484,-510.6728984734765
691,-143.48669295866011,-515.3359189184063
692,-183.00429893535033,-489.2961659619014
693,-163.26922290529438,-452.52159292513153
694,-198.4088356506727,-523.0429205874982
695,-182.6106079733196,-521.8267290389955
696,-133.04239740167247,-498.43547765742034
697,-201.43145144296815,-498.00874332142484
698,-227.90704851354317,-533.6964936504669
699,-148.496079949141,-525.2350865167186
700,-212.92496429684502,-490.39008818279086
701,-142.94966614862756,-485.8636730533695
702,-145.63665283996124,-531.0598784364992
703,-215.16395123724334,-464.22088495002333
704,-179.17594818487845,-517.671833332123
705,-126.6301435031908,-494.3269355110232
706,-149.77436149773965,-446.9117687979723
707,-179.7263000563526,-484.8556155741999
708,-155.6749690947786,-505.4429755153198
709,-108.49089079005127,-499.0565078756269
710,-135.15073302621474,-482.88807812575885
711,-159.19808039814868,-540.9921564775073
712,-176.53898915892626,-575.5399531723434
713,-80.44916657648108,-550.3596873649391
714,-145.70922940584435,-526.2627799660413
715,-126.7813540267544,-494.16194540791776
716,-107.11709973414817,-536.7827753198043
717,-134.8686416707959,-511.4501276774744
718,-134.23546781093634,-472.32489144106734
719,-108.96140874371477,-499.0972917828498
720,-100.71644375354606,-486.51838677310514
721,-112.08088272652677,-561.1871257032781
722,-102.42608380378783,-542.3630043882538
723,-127.17708304993441,-505.7520515412813
724,-71.06874037710645,-523.2060229954869
725,-95.84780418240946,-473.2594240298999
726,-94.78279589146908,-446.7375658759136
727,-81.9298559733725,-578.0535956230002
728,-73.18193091300526,-514.2190639882699
729,-53.97403415966949,-505.8619101191402
730,-93.70225956694802,-563.1702493735878
731,-92.69889015532172,-552.3212688862832
732,-100.72128063177152,-509.4930430658811
733,-30.08372229506533,-515.6353625959607
734,-112.9306485203125,-514.4429022549358
735,-38.02665367600207,-546.3602917011677
736,-74.81582078426608,-527.892318175139
737,-91.21035215643352,-509.13103711499116
738,-68.1584573154365,-516.2202798634017
739,-88.0200250987196,-542.1371132238381
740,-36.587826506179226,-540.3857696172405
741,-3.3132435528824864,-541.3575638714468
742,-45.24351738637593,-501.53874238286966
743,-91.39606332295803,-582.469000679718
744,-91.475068976167,-491.87575708005033
745,-59.120792098441896,-453.09611607160247
746,-56.35164781742569,-524.3746370944934
747,9.980278635359818,-469.7777354571344
748,28.703535316312564,-493.7391435102743
749,0.7218757743437797,-512.2241915239645
750,-3.5075957322212354,-546.5257019179245
751,-48.26294656099295,-530.0617558242366
752,-25.681318818043554,-543.5080176702228
753,3.4566711453702137,-501.1829383845346
754,-11.642413872180171,-485.4273777512079
755,-45.40558208903782,-535.4545200986862
756,-29.520610459151825,-585.5125658512541
757,-7.358261485396081,-533.0209035545072
758,43.66275953827612,-510.2764245178442
759,-29.330344965219293,-473.3905872241101
760,41.16102372296346,-511.3433220765541
761,0.8688797984716317,-557.3626272320114
762,-0.37089749805278416,-495.67050542588936
763,70.46318745340969,-481.7694987234206
764,2.3886740056690243,-561.3695053002103
765,24.407444832943455,-580.5286894575356
766,33.00060856317354,-531.5784727874594
767,12.44709738069352,-574.6467472780081
768,44.956583244526556,-542.4223274747641
769,-2.4308882891565133,-612.2252170556884
770,34.956732394622406,-472.4862676346609
771,88.73292177875518,-538.9436005459138
772,23.93902946527252,-510.7248316190748
773,15.161231384729874,-515.272115374373
774,71.19964087165604,-487.0361735810397
775,48.31396030304336,-529.453184609243
776,28.07724475367006,-547.6287081956948
777,50.71716273059243,-511.26120206011734
778,88.01042060056616,-545.8179710180752
779,108.47131436164821,-529.2773333956213
780,66.1337151949771,-542.9616090961017
781,-2.8722175509848853,-493.406164301292
782,95.03662129771378,-527.7302788762825
783,78.0132764777734,-503.15588525297375
784,32.19524499167515,-533.8299612897625
785,105.96332086334537,-554.892119088366
786,94.00145130329437,-557.2467096297653
787,102.24239798486816,-516.8851109262615
788,42.845660920538265,-480.1211176113378
789,72.307196278486,-538.599153674747
790,103.40243875861927,-479.0416233983561
791,69.9460985755967,-510.8404239211977
792,116.31548967010491,-491.06867092711053
793,111.76921441697954,-522.0246709655426
794,84.66784640015305,-507.5625263470803
795,80.34546087542009,-596.9014090135261
796,128.61487753886598,-481.23798054682936
797,47.632817722262175,-537.7241935146196
798,140.09226264654302,-444.76480666725837
799,125.13230841773584,-527.3683463844509
800,122.00636659450737,-463.30177992070173
801,111.09287952986867,-527.5249126968798
802,118.96170916201048,-531.1313958376637
803,140.0898817413372,-452.7549141923454
804,149.0613383161268,-508.0109895409013
805,133.5671235197923,-546.2626530878367
806,171.7604534100442,-500.61005928448026
807,142.79154194890668,-401.37124419296015
808,160.1002706032434,-518.589287731961
809,141.27154845617284,-460.43487166822297
810,160.37771518503314,-536.8709160168517
811,187.46641579815687,-512.5829259833988
812,218.99092942522466,-458.93492796361795
813,152.2671765488389,-451.6854328308817
814,170.60961063321247,-463.2941025883239
815,185.99520237566549,-513.011285960185
816,155.01804239865078,-455.4469691743165
817,167.1445305334458,-497.1624392397578
818,151.3891868254227,-471.0342403027546
819,244.76539335983068,-514.439513660638
820,186.45460654066244,-438.7003630216384
821,186.16864158809503,-466.1314718956935
822,159.50730967504424,-465.4713054763885
823,188.57728009487977,-447.34881220523596
824,232.61683141671585,-397.81635283362556
825,217.17892550715135,-464.29433490930717
826,208.4070680860492,-483.2106444505483
827,215.5064813865172,-480.0076555216474
828,213.17293112205797,-430.1302290270393
829,180.68056009246862,-433.95698318806035
830,253.13851488286215,-470.17328321469245
831,152.7080238038878,-483.32653694759586
832,258.0023890665788,-464.2213924512115
833,191.832533849033,-477.1049562332642
834,249.73930867032234,-443.96900645593036
835,220.05180391566236,-469.7680604512668
836,218.1559268390402,-484.8110213846025
837,281.04858566473115,-465.1668549736861
838,271.7703477781322,-408.199486484868
839,267.86272443393716,-465.112572132549
840,252.67252877353607,-451.19815934081214
841,216.08611754523076,-439.0332415694228
842,210.45174157942097,-411.4088351527387
843,234.49928932514234,-439.263159921721
844,259.5403250724496,-451.30743634840326
845,271.2352886076367,-456.01340851288927
846,282.35498172101273,-480.3554450701286
847,262.577739097526,-380.00175538684357
848,231.33530009612082,-456.6794313322925
849,279.3098616360039,-429.1210437292858
850,276.9473130587365,-417.978328951131
851,287.99413558561247,-397.4924971767516
852,283.7593305523679,-436.13494940784165
853,294.14235988338464,-369.99874127706124
854,272.4745144350112,-454.3133853279643
855,312.14222662377637,-426.7556509869173
856,216.21380386363506,-395.77275497378156
857,267.7858350667326,-421.9471492526365
858,296.2444908736326,-411.536539705995
859,309.9955493885162,-428.32121250498983
860,306.5195005335746,-421.03290373219244
861,315.6922952113474,-392.7602309853322
862,267.85370158910155,-376.60149415910996
863,282.213974523057,-382.88395641961745
864,311.67455206386614,-349.9100245113761
865,296.3019542459702,-413.4500765956371
866,304.7602000917281,-409.9662798543978
867,331.6646611187737,-447.2458769321846
868,278.3662167868191,-428.6617607586557
869,340.7827807235516,-343.165912533248
870,311.4234276375503,-397.3912167892235
871,318.92821779979795,-355.29816336570775
872,291.26211547101894,-380.8171720288721
873,350.58091379289755,-370.73501350644733
874,329.240839091236,-353.5220078162596
875,244.6708698146657,-360.98872531349724
876,308.34597101709284,-434.00169640243007
877,345.490590429703,-335.6168965515136
878,328.2031096546926,-345.9706677775861
879,382.8526614503653,-332.82611935682274
880,385.8266089924219,-347.7128646290528
881,341.0195678461347,-415.72537841742735
882,333.48901172547124,-390.6401861278457
883,408.0988542370254,-368.28250809009603
884,348.7516790187645,-344.1113713806118
885,348.4337637592255,-307.4413466635557
886,330.50147679232754,-350.07863899332193
887,328.9471379347825,-393.1286561213433
888,334.8934306775165,-352.23743049974433
889,342.37755465237683,-369.4846242705605
890,315.06200618921184,-348.7782481354232
891,314.08953956258176,-321.04400173466206
892,363.6685978763291,-385.1204352280042
893,353.86794375681364,-361.4944987128845
894,374.6527415004206,-296.2400134457939
895,310.74002523454544,-330.51436647288006
896,364.09323590228627,-311.3245685509983
897,377.17939128256916,-351.51157148092375
898,363.0823247855625,-350.3091857846342
899,406.78871134543164,-323.2532766860784
900,433.3828027891373,-323.16506424872654
901,356.9174223512781,-364.19778348951866
902,325.88186437504794,-363.74014108745996
903,389.7800983445582,-298.37272386648027
904,336.1045660763171,-284.1905395037816
905,370.8061180474031,-304.0340178845275
906,435.4058356542482,-278.9177558382493
907,380.708100583896,-329.9329401295931
908,325.9178291092054,-322.1352256407106
909,385.83005558617685,-327.52878330403365
910,389.9012590297725,-292.950035664604
911,388.7515614431037,-312.08739240535147
912,402.1983560086494,-276.6504518232725
913,366.0513557735409,-244.89179549836487
914,397.41336953344404,-283.95521918684017
915,423.2081412941143,-274.81511687997545
916,432.12944959964244,-270.4788277136906
917,386.7187560955497,-265.51856501796277
918,372.31944118534034,-270.3682716893703
919,407.15644030259796,-277.12034276903387
920,405.8020297521103,-324.5745731988985
921,394.6838659852478,-262.5666190484328
922,417.41134742614975,-293.40579326650766
923,452.0394596327133,-285.7751757571789
924,444.586978109986,-244.17941901362295
925,397.5338927803179,-200.93228126673066
926,382.51141343992344,-223.80449031115077
927,449.7200953244749,-268.6764895977656
928,462.8409386860313,-253.22941827844807
929,431.0743351114056,-235.0799906193995
930,419.7129500264421,-215.71861601110962
931,448.85764695906414,-289.64374969378764
932,465.476000988096,-284.1992970092447
933,458.59697244070844,-197.6520637520039
934,396.14831993553463,-240.89837395602768
935,396.9447836283571,-232.13446432726332
936,422.0953414094853,-199.40218017061787
937,471.84786580081726,-178.01903343720187
938,416.8575358699817,-223.2562590812358
939,384.38509717749724,-238.23837833722456
940,464.9811052220291,-162.670198645826
941,400.1340050719084,-225.97986713121207
942,437.48277066532836,-196.86232533104138
943,415.0788232292877,-189.59963025333568
944,426.22520406498523,-199.8025282489941
945,457.8837953865433,-196.21710416716496
946,429.4399608741054,-196.73230894524613
947,440.8982637212122,-201.57213580006828
948,436.78419061513426,-139.5338447125108
949,462.35584158581395,-193.37290672834862
950,467.3983028939315,-191.53221950906715
951,482.62601150092075,-167.43152502257468
952,445.13696145928844,-162.08657563982743
953,402.1346099466329,-206.31265530228222
954,414.32909264649993,-165.2072601767032
955,502.98928577759574,-99.53696337288359
956,471.0033721882275,-148.4256604118542
957,398.65908739205474,-176.70096713696898
958,429.8672313239703,-176.01079078922464
959,449.24726600677195,-168.50766091334106
960,395.6843039337793,-128.86230771417775
961,423.6335756851428,-141.07209258852765
962,518.7717355835624,-172.776251085888
963,381.35481071089873,-150.71550713109366
964,490.98717001933085,-80.32119707165342
965,421.74757395052416,-121.1025782639318
966,445.33113845933445,-136.1097550140646
967,539.2578266026345,-174.94410010905818
968,468.1574485665043,-112.74393887246697
969,493.71721511252474,-120.75116268873548
970,470.96411868278796,-132.3523388362222
971,470.3559755019559,-127.80729775256032
972,481.4694542701806,-125.5050324376757
973,474.6559839209997,-112.19646700799109
974,497.62567782073387,-109.75904422777015
975,411.1348983227506,-67.25514953895865
976,437.6160902754469,-121.61838143559075
977,447.3608740270209,-57.662002547194334
978,401.58358911539244,-1.6497235363414546
979,497.7390549292205,-85.9694493582771
980,464.79448226641824,-80.98195780170512
981,482.4393281113844,-67.07172485823885
982,483.8185291786029,-80.6181566999724
983,461.55535588143033,-84.71905593521291
984,461.93373389095956,-43.04105375324508
985,485.8735062400121,-162.13725731530005
986,488.00998731290775,-64.95321994251535
987,468.01818743693,-79.31895635663294
988,502.529634780193,-36.10421899351691
989,445.8270341794275,-49.18369115092058
990,440.0510730182489,-99.6478121846803
991,450.5669615653098,-29.250354918401907
992,498.11021870034494,-36.59149655601375
993,491.3976099257345,-33.35974272151836
994,450.50883232617724,-32.747703198845954
995,493.85438039848043,-19.936307827261295
996,505.5785773346438,-18.175104441672154
997,480.50396832815557,-4.178512792183209
998,469.1944926505967,-59.597811519610936
999,465.1079910816871,-52.347079344193595
0,249.7325666020299,-31.642802577166147
1,246.17906274871862,-33.853547749742035
2,213.08279949469278,-15.523783925113
3,269.84282135386314,-43.743798141671064
4,289.47529001536657,11.586553233951228
5,221.33824094112705,-36.732790333347964
6,246.33374803486254,-39.35993717447194
7,294.11112283980265,-14.290943134770323
8,261.08618338708607,-65.90707885963741
9,287.85482910484853,-40.28595917457413
10,270.3368536837632,7.893934799478799
11,309.08116665009504,-37.01353392041588
12,177.37454787621908,10.442417394357701
13,321.649745839669,44.76836065747439
14,273.57471098861924,-4.479105823664781
15,291.1251730150098,-16.269641027798215
16,280.80487331821587,30.764155643378935
17,297.89919313421507,101.04948405144185
18,277.420275085081,5.646517958975714
19,264.4116472138291,-29.505208707082545
20,243.84478128593486,13.935921232324262
21,248.44707974452825,33.4278374107402
22,238.9569896086474,65.12616615740323
23,263.0719983769402,33.8493368634759
24,252.64153215915957,41.41200070266369
25,286.6203445220725,13.364929007658631
26,241.48940976461776,32.884020217469825
27,220.19882063439286,20.029230357811493
28,245.60695509082743,73.44379573097251
29,267.06569807881374,55.61875101102886
30,283.9877747162838,48.28240318873516
31,269.4235183775564,51.89276836184993
32,264.8960003035784,40.08567793196252
33,182.97305432371476,56.11202432124643
34,297.9993989715442,90.491560379732
35,283.435277923903,102.34625005963983
36,256.2665602607138,73.73135465787043
37,234.18790527617995,60.8713723107421
38,270.2784483558113,109.00368041130392
39,246.68707292149116,61.906769278860466
40,249.9288182115312,95.96545678641553
41,205.61730128246916,11.55193721128623
42,231.41433362811873,46.31520683489282
43,231.6613343251999,80.99328481895662
44,232.26087949474478,131.48153553029942
45,254.5912409545196,99.3930558652671
46,262.3635394907384,58.67544848424407
47,273.7570547924704,93.01923339557553
48,261.5625342570423,65.57807047831713
49,193.6778973902438,124.70181147601826
50,250.4037140990161,75.52442227124271
51,211.82062214562478,138.75917746007943
52,201.0056591428381,156.67561122859917
53,208.4254088054855,128.93539947499895
54,224.32010528455183,130.2562216743699
55,216.56858394973335,109.64231504834575
56,232.81174313803038,86.81433791607154
57,252.47998687791906,103.82558017981901
58,222.04737953770453,91.72150905409492
59,150.66462831670052,118.13895034376675
60,298.52161284889166,149.71330786002326
61,224.15321407462625,120.58126767967727
62,223.97235443496595,147.16161194895528
63,186.42093771815783,166.44478417850786
64,241.8334155796281,156.8146662068688
65,232.0327303358412,138.09823991971845
66,237.5507257511468,157.49131408690567
67,205.21016823468884,124.74231146976962
68,217.3337732521732,190.62059014532764
69,175.5318860428672,102.30981771516873
70,216.0553832863321,150.03358988629165
71,214.70084184292267,157.9825560230796
72,201.17326213349844,197.50230882690488
73,158.19178370410816,130.0792122244336
74,201.4518019359375,107.75127622299503
75,197.5854571899438,208.98879318525465
76,201.78056748161563,168.14822409616738
77,161.6232898531021,144.8034566671639
78,186.42811687864855,155.81437472038502
79,234.37075365119637,184.1123496036675
80,160.79693064433394,176.79664871898785
81,207.28849286986002,205.60979879343918
82,237.94131851310425,142.94009739913017
83,164.36486289011333,137.6367960111681
84,179.81786337500802,191.3095459294494
85,214.5888954008107,176.978223714435
86,173.48651542277182,185.73059459214568
87,156.12356777578282,245.76810277126026
88,131.02692361016898,190.51107727000937
89,238.0269812729486,187.04245448501734
90,169.66296072856176,177.96722554211055
91,167.981172701094,231.7105521563489
92,105.04947029791603,238.34485145384616
93,126.68279079252338,186.14109947541243
94,154.50428517295398,213.57803789420487
95,117.40209706655963,211.54918827082497
96,224.02358760695392,158.53301267049517
97,166.91838195291882,181.29450749883847
98,171.9213043992052,203.43552264537846
99,137.80233328629083,219.18561328654113
100,209.0645662614433,200.49178930658456
101,174.39914393328792,169.07114103640765
102,121.97086878128441,223.67278024822173
103,193.03043968669013,221.7809585128064
104,136.94383477204735,212.68384047518484
105,106.63775358138054,232.41354418497454
106,168.42035652637898,202.26867957792712
107,125.63562564187937,225.34123556170363
108,124.40814810768092,216.89447973277464
109,198.26074811062625,212.96120509401086
110,122.2649287778051,202.41906800836838
111,153.07379763869713,217.8616524540614
112,108.98680140628254,264.37014643484844
113,168.7632693584917,208.13044322834304
114,67.8735846809534,257.7600487756675
115,101.01309551955026,252.62414497278814
116,60.11887264261159,257.0331766642945
117,80.54480371109233,253.50709144815443
118,114.95429426560764,204.2738214312597
119,99.9495093540962,254.7682132657224
120,112.96047530020454,252.97642025909607
121,166.68864016638486,189.76076757752642
122,153.5125111766951,241.04119270956195
123,75.6224474522742,199.20201954392087
124,94.49151001195645,267.94016372845954
125,93.90731385819582,286.78276364722626
126,51.756891290092625,242.22103273448067
127,55.26863868527363,254.60628164818533
128,116.9854467798613,232.1660442060184
129,9.78109379736307,251.82677616933003
130,98.52885093548615,259.0343829034701
131,120.01004536698227,215.79882872339476
132,100.84384896891692,284.70817114081467
133,24.5716267983466,259.50253422340256
134,60.28705229417268,248.42478099887177
135,83.3174418023896,237.18845693927042
136,50.0823156167053,253.74203466385114
137,35.19450526981851,221.0320786653151
138,85.64352689414844,220.00953233140822
139,82.69447333976059,269.19469367416457
140,8.366197323117717,235.8106295019379
141,93.39171975173122,227.500163887399
142,41.057293080543246,271.5713996772466
143,75.90527211919495,250.91466926990978
144,31.885747829253305,301.8599540597112
145,99.37911022351814,289.25932282062104
146,47.1665104264072,236.32697668936152
147,17.082468884072867,276.9083275948482
148,51.93078210564619,303.9153543704363
149,56.2697829629785,217.38596460175256
150,65.68677502932195,233.12396760996188
151,19.976107979098593,271.1355937676642
152,88.72721594324753,357.46728836272683
153,44.416086149802894,259.19027665699497
154,39.602237894007516,291.808539355804
155,11.295397963485009,319.50413674708767
156,25.161805659851648,281.0251885819905
157,35.57777843001402,279.16173855596287
158,38.104959977424244,248.3938995194828
159,-6.479072873084263,234.28030154122956
160,20.785006987898136,291.00250549970673
161,18.660117036303486,318.19468555126997
162,2.0831974882861175,288.3236584427109
163,-33.178399623446346,256.92588370154135
164,17.757925398003458,294.265351520866
165,-14.610216357360212,266.8736510706624
166,-54.01237137201045,258.5160015576519
167,15.548650764387641,286.6641690116785
168,1.1689246650747815,271.05824748762507
169,-16.328656136000145,249.88828577819098
170,1.733713396450769,282.4358454246781
171,-7.162029706517121,254.11019422327894
172,-89.21498945670812,302.86624173132833
173,-41.67236613595271,244.10464192996773
174,-9.195632642580104,258.2396208024261
175,-0.8946660229006613,288.4980933385623
176,-14.878218443414786,228.97298904270144
177,-1.7190852921067865,277.728755440322
178,-51.84717496776071,274.108311113264
179,-96.746506092104,281.95750430681454
180,-77.03009826910053,228.98492829689025
181,-94.50793144533068,302.7886697781792
182,-70.4017428391974,315.23870887934515
183,-70.2828359641341,217.800889898616
184,-90.38752586948974,305.8666367987799
185,-64.249571998833,252.09025588105538
186,-57.45053127757379,283.31489085996185
187,-31.40496657467299,311.41488944763165
188,-78.39302944296381,227.85297981188222
189,-82.67393457899483,275.093343727867
190,-101.84951274965411,238.1969676690392
191,-65.28641442188352,265.05456969041575
192,-77.27577302176189,243.3380358682466
193,-87.82744815637368,237.9208017416689
194,-56.86111610584731,296.23635662130147
195,-141.60003024286013,236.80084941283428
196,-133.75306890243087,244.66901365035906
197,-93.99838523137987,220.14023098915752
198,-121.78414089139369,232.94706526694932
199,-90.53826030492591,264.5587037656346
200,-121.03096207910318,267.17202274622537
201,-118.39620361838769,253.08325112709386
202,-54.40340344050027,300.7887798922998
203,-146.1995574174186,284.78555383354245
204,-85.46915703525468,224.74095954617746
205,-87.84022752807118,304.59879340362124
206,-148.6657651371572,230.1844882492618
207,-87.03859365500486,265.0799891463589
208,-103.59611092964984,266.35524556402254
209,-110.98422068463984,215.5227910392136
210,-93.84279720680979,289.5610531590011
211,-134.69360575774334,252.30252403745482
212,-176.28678306822525,268.1451048197455
213,-115.72542404481511,249.93958335269778
214,-101.68184642828766,240.848144262523
215,-120.991076541734,219.32304928506983
216,-141.1439303316305,243.70231802939037
217,-136.1773419510893,236.84463124786552
218,-149.3708722536308,271.6869553978644
219,-161.01043661332352,197.66101874327487
220,-97.89130795077958,286.2325203771646
221,-191.60832287083565,264.3885593267922
222,-170.3814051081796,250.48831762979415
223,-148.9070635991169,234.41588173031627
224,-183.6780917028593,219.57442880123796
225,-190.07172636640524,214.15676206917732
226,-167.0114826291169,216.43771491054312
227,-146.93386065954164,281.30540058893575
228,-187.18523894784866,242.62616586098292
229,-157.1700454328116,248.3387276845996
230,-172.2474441930319,255.1724765639508
231,-162.4124930090959,194.4542952063398
232,-153.14730524228835,256.87398163331756
233,-204.45057341770763,230.0435120613332
234,-163.36991343743972,221.25522349317905
235,-153.98583779010215,297.0593250390851
236,-212.04757353497462,183.2996873720449
237,-181.63348062555266,244.94525280438884
238,-199.94112455378465,265.44314207705423
239,-235.42726842732822,241.15953480733918
240,-215.68556481166547,270.4597953577683
241,-139.9614294796207,194.36519103864188
242,-218.43707873393404,241.61902617231368
243,-215.76390509415737,212.91574785634648
244,-205.5739230714696,155.11490362655456
245,-208.9220912134382,190.42072482731146
246,-225.4576447578177,252.80955201587497
247,-250.5016124972201,232.26548537498192
248,-223.30301087779515,197.82609800352864
249,-193.33578367606867,214.7509835774757
250,-202.02629829682812,231.9066291388918
251,-231.1664484201065,182.78687079750438
252,-255.8488147050822,174.6659169089109
253,-136.87299486381022,235.02439571047034
254,-267.91384876815437,156.2477010987762
255,-214.94552351447285,210.55861327378398
256,-214.93881257828014,184.6931666083456
257,-237.15655095405322,200.36148364083377
258,-232.7873415898066,122.11157704399747
259,-244.2127836133152,161.29626612040806
260,-234.0004118564553,274.52662998124003
261,-230.15340486045426,173.6760505352453
262,-215.42789606109952,195.6584914409599
263,-232.36602518958236,197.46227222018092
264,-185.14215220333122,143.39214163628196
265,-234.48162592207976,147.5726978791605
266,-233.85971852578547,145.83232780938351
267,-264.8628448231089,162.55263021066406
268,-224.86616777210355,196.95513868430018
269,-293.2929610944748,169.02964111190926
270,-278.9714039308418,127.59068030281206
271,-265.9387443210105,154.0398152546738
272,-188.35247824237106,174.21599168542784
273,-304.18961434553296,142.20146808828594
274,-233.90794587752697,219.70022374371783
275,-313.7984024255423,98.53639141366972
276,-211.740374511389,164.49483098996964
277,-295.5493738681014,166.70283266949772
278,-350.1849902197429,148.60822402852608
279,-262.87046312719167,174.06367987387685
280,-304.69496296308967,146.72060044257287
281,-303.5941283447071,149.61187732690627
282,-304.22527834303287,127.4938648998578
283,-308.75292001525617,157.04382744360854
284,-254.61844261669083,128.2304773369084
285,-280.6981823286223,89.55739089943543
286,-292.28867709080805,129.24189998244674
287,-206.1072327357588,95.10898178270041
288,-242.217833037931,156.0809424270569
289,-279.11554594585573,176.62839774762588
290,-277.7422128196992,133.22676616238823
291,-291.84887610584155,155.92905364652557
292,-258.6900908618322,98.1096429646294
293,-332.4694198511221,108.43668310864497
294,-318.1798164889508,110.25486150343897
295,-258.32088680439733,96.06459205414384
296,-297.97271736820517,109.13610467517225
297,-272.457588117707,37.58945390809822
298,-317.31243715904947,108.92447967035231
299,-264.2882916779199,85.40804831008131
300,-357.74469692106203,116.32513084850596
301,-321.64457283463116,59.60216221892861
302,-322.427686860833,87.30468128799173
303,-322.93123795259635,24.211843363970274
304,-278.94634585882125,126.15376073453878
305,-287.359880514434,51.296124270736385
306,-313.97518513129177,82.74094015543398
307,-290.9691140796181,100.48758046694587
308,-331.93819340918805,80.389121010949
309,-297.15204905346394,119.08711688880584
310,-290.6701176679353,96.5588479175051
311,-310.20266330132955,112.66733234765886
312,-301.31394865308573,41.97924613049548
313,-272.37225428241214,86.19942658162421
314,-328.6082755224005,48.320309290506955
315,-307.24030271778474,74.03594304486317
316,-311.01636185265323,66.90769786359667
317,-266.71085164239827,87.13571551687147
318,-312.74176811329386,80.64287426374167
319,-350.1645753145821,61.74886516840684
320,-265.61439080517385,40.670743447819575
321,-346.00396619716184,25.044299491664745
322,-353.9218955571471,18.452943836938736
323,-332.98263953974435,-2.7881750963735072
324,-322.00982363605897,63.824595400493905
325,-350.2984718338019,79.70686420688749
326,-308.3058249242855,62.412663706390944
327,-343.90476829813014,54.49294806172709
328,-357.444192230466,52.92181940081276
329,-320.0236963857829,40.16460503913466
330,-360.91563423846355,-5.936668538097372
331,-308.17604936164713,-10.190757242616357
332,-312.6179514745555,-25.414083325427164
333,-301.4662687358904,-24.038954479719322
334,-310.7159303999947,29.038907754676835
335,-348.5375649472306,25.060767081833166
336,-320.1466446508372,-11.238324634035152
337,-358.5180492972217,-56.627692697019846
338,-318.04937335678255,-47.371456480128494
339,-325.9319622153324,-11.011653811437252
340,-308.6473453632585,-14.85257291213065
341,-339.1103111722629,13.479962157062797
342,-319.35627765595797,-1.6781654257225789
343,-315.4870091779405,-59.918210672574595
344,-306.9942595627849,1.833512925562717
345,-360.3071509502913,-26.55355341985129
346,-331.0704581321353,-25.957498678352998
347,-319.9358613816614,18.32630159436474
348,-297.5349130210765,-66.67381825864268
349,-311.33790029081854,9.86799958606246
350,-318.38365923058524,0.03665521127970983
351,-269.5835470076945,-4.6740117562195875
352,-322.4119816340545,-6.724750631156176
353,-325.4600221000897,-40.05176949182587
354,-340.24034703380636,3.4429516598089407
355,-354.1178968504563,-0.17792128329489287
356,-314.4120948162703,-90.8163411028521
357,-318.19739879210755,-114.52463625796244
358,-310.2563881214734,-27.651847582895336
359,-346.56296686813334,-53.185361792362414
360,-269.91415176326484,-74.74502778859107
361,-360.0286363866335,-17.801175979279364
362,-269.08229683492,-64.81606089631137
363,-297.2905193320927,-27.35569260336473
364,-349.559455506532,-84.82915480633253
365,-289.98525972124844,-22.386316602080477
366,-309.6277144322986,-101.99448147344162
367,-266.4810625582654,-94.1888098184684
368,-335.7019295048616,-70.64529169551193
369,-278.55406395814566,-57.94778914302412
370,-312.24021020774927,-72.31573847217412
371,-322.8642916232621,-72.11300581417322
372,-399.5163899109425,-100.39346990976298
373,-315.8261283818909,-128.65876900621944
374,-310.88867412020033,-102.8904168164778
375,-269.20312563257875,-52.18824372253987
376,-335.20707151042035,-106.5209324277705
377,-322.79337530684114,-118.15675043424505
378,-314.04283177632345,-129.96058237621833
379,-353.1073182568818,-91.1297169529943
380,-299.57494832459037,-136.53302963051675
381,-290.8489099568118,-133.93675282478466
382,-309.34017268045005,-92.95811728193624
383,-317.14594601311904,-106.49817182260142
384,-330.8098442051733,-128.599095815327
385,-320.6491363125781,-147.6596788016604
386,-318.9100574253442,-174.2704324016148
387,-327.4520745534736,-138.89982279264368
388,-319.4907064375385,-140.13207067236272
389,-312.72338718772505,-121.02920168182074
390,-283.6774672218576,-157.42221112399
391,-345.0289714281498,-171.69869817269637
392,-322.5465267487141,-153.4942191468128
393,-330.00542224054294,-184.31019431097752
394,-319.5419565896609,-142.46471089275778
395,-286.93801404138304,-167.1015166701918
396,-316.0872598337394,-180.64139128308636
397,-303.5268762811057,-180.7450210173637
398,-284.2542813425699,-211.30978222754504
399,-311.07955054429965,-151.13190155951503
400,-293.5963928264155,-81.79495898255303
401,-287.4165138468285,-195.11777183289652
402,-299.55194334153015,-220.68281263491374
403,-297.8620233238244,-194.7753234167701
404,-266.7169512902166,-188.64680697976553
405,-296.39498148701654,-193.5928374726466
406,-239.4186273205588,-186.51724457305295
407,-235.27854521093923,-154.79743431041854
408,-274.44337517784356,-170.48999587282458
409,-275.7207191340724,-241.69996060214
410,-294.5096520250269,-160.82044008755284
411,-286.1979409708813,-230.62368796003238
412,-284.8705111679286,-139.6248730060342
413,-244.43857071138163,-194.87525361942255
414,-251.8284978046483,-206.26430504667218
415,-329.99460577635097,-225.2437198327853
416,-230.4782256168964,-207.95668252954337
417,-283.13290894417014,-210.94551054492305
418,-217.1539867071234,-155.37121813961002
419,-206.1416913090403,-211.10693199974332
420,-262.2438233868238,-254.0062353132348
421,-225.1925591282623,-245.6973466238626
422,-261.36606285966377,-245.72548149782773
423,-283.88490786056457,-240.0519958993319
424,-282.78570256068355,-233.22062165208928
425,-279.30915317065825,-194.14467086000482
426,-294.2998566246125,-214.6109541141908
427,-222.8894582391128,-238.69018984375015
428,-279.2215750107948,-232.2615663784795
429,-220.52968355026206,-221.5583888533129
430,-270.0770981906729,-214.8852058303864
431,-285.41060491004924,-210.96454232451262
432,-238.26687868500002,-242.6271772881327
433,-273.8481621798405,-261.9645594471102
434,-230.79393905784028,-200.44937962138744
435,-264.0880923140015,-225.5051533171661
436,-305.69275167847934,-258.71638674439936
437,-242.1096228108106,-270.37244362987207
438,-267.3519456673987,-265.0022465972042
439,-228.55301284626836,-252.45832970040857
440,-302.5110687783558,-312.31159280547536
441,-251.59887848968162,-236.79450033444635
442,-313.8304729195583,-267.3337456995053
443,-245.1889410615504,-212.49053600619138
444,-238.93227213329985,-244.4317702588553
445,-221.10811342044826,-321.6010026825826
446,-200.24808240939632,-252.9663376445908
447,-205.9791377343694,-143.36684163964685
448,-281.66807639837197,-211.1201898300725
449,-225.67036613963077,-255.92957760831865
450,-216.29949032687836,-278.9459930603448
451,-229.90139351600536,-257.9840677053522
452,-256.1791709859752,-246.98321688615732
453,-220.992790977169,-305.0146382204472
454,-219.83596142761638,-234.990621806607
455,-220.21003821095883,-263.5244758480249
456,-223.879052928141,-253.09373406521087
457,-179.1716579109584,-221.90662367324978
458,-202.77665855387545,-258.81881402881197
459,-192.32706824946246,-241.49582266050032
460,-214.5801049667037,-259.4951627911047
461,-196.5889573771996,-285.2240229638594
462,-185.7154180224743,-277.1638135738576
463,-189.66205051674154,-279.7017547053882
464,-136.52624149490637,-257.97114751210324
465,-155.47735251744348,-302.5715627786211
466,-205.89921202081646,-261.5962397681826
467,-150.59855781362208,-247.40404760362912
468,-192.6455210095917,-299.7784636739694
469,-221.34512361766267,-305.95279273884756
470,-139.88652638936412,-309.43889222176745
471,-148.18102877489568,-302.40310910879225
472,-155.2744230809897,-332.34125627833555
473,-160.02968541295124,-388.8455074431122
474,-165.77200648012703,-349.2048576821799
475,-121.5539519731174,-278.12589515687046
476,-141.29203253265703,-256.95351435508087
477,-181.30793764241247,-251.27642923196947
478,-122.41307814913095,-311.88555663301827
479,-113.8389050806888,-339.0471371377842
480,-170.1621192293111,-325.1632319518102
481,-158.8059108542382,-339.6271683956737
482,-103.74487379254381,-316.6985777775703
483,-127.35410526783593,-327.0235204382436
484,-190.03054624085837,-302.7687404401785
485,-190.25479655883285,-313.864335245241
486,-171.40300915653808,-253.09918216228616
487,-100.4710017704611,-310.43421879372613
488,-87.35112807581348,-339.8628327101399
489,-106.40071695238147,-309.3226418769846
490,-112.21979674682555,-277.96696406880454
491,-95.59367457691607,-308.27341993683876
492,-164.63604403667392,-346.51096173807355
493,-116.08482484858905,-315.65966462294506
494,-143.7171654102203,-246.83855794140334
495,-61.72029865198363,-301.83003168539267
496,-102.44586031094424,-326.94121743562386
497,-130.55335488143703,-318.9084888813095
498,-91.64625927470338,-359.1202138464921
499,-86.73098766954745,-327.1361451192895
500,-151.36257323395617,-348.87733675277934
501,-103.90341214031858,-266.99895785990765
502,-72.16059751371603,-364.2341787555627
503,-71.63330569318855,-371.1052948867575
504,-51.08633682297886,-339.3126161341253
505,-83.72451239237593,-285.87389664345227
506,-116.87458994163718,-368.0064414626384
507,-93.1080306587605,-295.3627747069497
508,-118.51712722764138,-411.8761630592075
509,-83.80474549756666,-310.7327045330528
510,-31.59211757712651,-341.5292512569053
511,-77.26972926522708,-293.34289052317143
512,-118.34332904402031,-339.91703203042573
513,-53.85990996298159,-315.06231313722236
514,-72.18599346675657,-327.7590578473965
515,-128.85861267495497,-348.7690809964198
516,-37.91857965177992,-358.6956986094906
517,-47.06762921110631,-316.00184350440054
518,-56.42542904937167,-324.45112374229916
519,-72.3414260636929,-335.8962583532758
520,-22.462375702698083,-325.0974682639434
521,-55.673342940617076,-323.16474737458253
522,-13.947004420330847,-391.4498987360418
523,2.0794644043772745,-340.0755570116935
524,-17.235302002793148,-294.08259229064316
525,-68.4574533726147,-351.2711449240877
526,-33.27116273684213,-353.4642660124503
527,30.125502128802882,-355.5944023181101
528,-35.89754259423161,-323.6749861449071
529,-52.605036677128254,-341.5683413150823
530,-4.327449138856391,-339.5508490036716
531,-13.9644499082046,-345.2879819019326
532,-53.91026824700944,-319.57908124167307
533,46.85678422198217,-328.4695797029013
534,3.649716188456477,-308.0106055450659
535,-38.507288235668014,-277.46343503188524
536,8.32094194584137,-279.3057018022622
537,-17.06405881397304,-273.4180548741091
538,30.8546348903345,-311.0432078187726
539,17.29071337589102,-334.74078707261395
540,48.952694717551914,-322.70069902044906
541,-43.41204023923459,-360.02973408873936
542,12.6843103183269,-316.7929264142821
543,19.21777206320354,-289.0786723759081
544,-34.96598748156781,-320.8712384844341
545,-28.324982385897364,-301.89480635408154
546,26.023429816468308,-311.58143252184254
547,5.5787573199758995,-285.24563963038094
548,65.38008641939962,-305.55945733903775
549,32.870762780991036,-305.08265509569316
550,18.172058439365074,-296.20072681142216
551,91.48022791048723,-289.11458763749994
552,22.718892055233937,-309.7324288203963
553,8.41787399683102,-302.72187196189697
554,63.32915605587864,-375.283348394721
555,17.550041523346053,-326.95500275355766
556,45.9636285355999,-353.9938809422539
557,69.2377995408753,-309.39092155337414
558,54.31232522747972,-338.81131407675855
559,94.16631210498107,-265.6547414958972
560,50.75548389005708,-332.8383609008125
561,82.54811339806228,-324.34771392428036
562,66.17164197165638,-290.5278675874704
563,15.606464671020404,-272.2562441170971
564,77.59286295428299,-323.2152555287866
565,75.25222969189852,-311.0400987952177
566,28.501326702055493,-264.0847989428784
567,84.17634858043596,-294.6403751994451
568,113.97318750070184,-337.5404139814283
569,102.11166646723387,-313.887564492399
570,115.78194833343696,-368.60572062699487
571,89.86761301042895,-321.7819448429552
572,108.2600505106638,-288.4823755488164
573,76.50501062486076,-322.8133316650873
574,96.8451606785475,-327.18992719018206
575,127.84547976553173,-310.18764432951406
576,17.786487347986963,-309.15517628251985
577,76.23910800560091,-345.6262903926864
578,72.66084256007005,-292.16177668993254
579,152.0198235893465,-284.78312534107204
580,96.3310005840423,-279.21487815803806
581,103.10725228294582,-312.4221789510531
582,84.59110712697687,-342.81012071786694
583,109.85427909556671,-284.1637723003013
584,120.97107312132508,-300.0136459189806
585,97.80279740217904,-267.8957644499552
586,88.9540349575276,-261.4501880513539
587,100.68152792589706,-305.8714347711957
588,89.01157761997113,-296.88738658399245
589,164.52846818997006,-264.90313346307215
590,166.8624035497397,-263.21418179353134
591,106.62679521875313,-287.28856540196904
592,118.5443907831526,-235.91414244174848
593,108.24632620768247,-247.46715371264042
594,173.12419179100496,-217.81649226100166
595,136.21636105172612,-249.74289326183182
596,219.11351518198975,-288.0298422198215
597,106.75519824287149,-324.26963078977565
598,176.3154838336807,-322.71340930016123
599,145.87736896948235,-251.43004912924016
600,164.69995431831143,-250.0977433973808
601,167.89589259863243,-222.78799843333508
602,134.72480748618423,-279.7380869620356
603,142.16604426494712,-232.77825393248855
604,194.39357543376565,-242.38468022152807
605,204.90631537272543,-289.4818953737364
606,221.4220509843352,-206.6446817635888
607,195.46158307133845,-197.0711306529214
608,125.66543554827317,-264.42403231430325
609,155.2596908756008,-225.19407943549723
610,147.75253223564624,-222.24400542301316
611,222.29393914458475,-222.22585411789726
612,191.59447183026202,-270.8140550517061
613,159.5633309193765,-201.7681872648109
614,210.21892926537737,-238.48938027738575
615,176.15330185344666,-296.138367971948
616,158.39952535551976,-176.05035053977466
617,153.9281732848823,-225.72093300116893
618,224.36398854830065,-267.0491854060966
619,201.46275404451578,-199.24415165659417
620,198.05898794558408,-139.2937359530691
621,149.37025504193358,-191.53244301183207
622,195.96992071084273,-198.06959227950682
623,216.10030387388312,-241.13937412671422
624,211.41933651418913,-272.7839840995687
625,224.3163280755453,-205.9893689881253
626,227.0291348318355,-181.06285591622807
627,220.52918711810162,-206.22127749187652
628,184.6805079493977,-229.8735817400829
629,248.30713691780414,-163.2455135165626
630,207.1347713049519,-202.7699031828739
631,188.6929583131065,-166.76765929865346
632,237.32739338289548,-141.50036698075206
633,192.52876585615704,-208.84997715944547
634,227.31535379215794,-175.87440830385768
635,215.37529305099417,-219.2039660520528
636,249.74060351831156,-169.1139776173317
637,197.2428024497462,-147.80470852276062
638,261.2491114764021,-182.14628430564903
639,229.92257395184086,-167.2480500882947
640,203.05428489021728,-180.65104591742792
641,165.68375017703977,-152.92831780887866
642,184.7393712029028,-131.77736673664594
643,222.98840119416545,-180.87611168845012
644,215.34664237448604,-180.80176495956218
645,277.99997119936256,-244.41790140279994
646,274.99697751150353,-157.25471819786918
647,201.69986514814903,-197.25550571911367
648,289.4032191323366,-190.9511753002502
649,205.69014505284684,-126.04568546432587
650,251.60470202838326,-185.87155476561387
651,249.08245043200083,-186.0647425008478
652,276.7219671221144,-120.99931307147335
653,260.7490839811082,-139.528993239532
654,298.6939755114563,-147.91691967453062
655,211.44931649199506,-131.9424769985117
656,310.51185059897955,-173.37936440789332
657,238.08906276565574,-127.94398466236001
658,248.29583397566094,-167.3983617298618
659,284.52619687883515,-65.81122556388534
660,257.6892576333942,-160.00919598831956
661,206.24864638760613,-122.61427855491834
662,286.7231528313583,-113.55685104084132
663,254.40123815860224,-142.94047795913275
664,222.55204590700328,-97.66255852273807
665,283.5507177135751,-166.51229278755767
666,304.63029916701,-100.34630103349014
667,299.69741223406345,-155.2532534043785
668,217.48611118878145,-116.87263613373625
669,274.27239101561173,-55.92022898219394
670,281.0759487116211,-114.49255861395183
671,229.78387210861254,-67.70694896788211
672,232.29174166435396,-53.141744437600344
673,253.33585709384812,-51.66137330045041
674,282.84631235632537,-100.8661448701684
675,247.4838952746105,-104.35558281801687
676,276.4790883513705,-89.18055125113777
677,246.35538944050478,-93.82613355925776
678,267.04348611018105,-150.076417208162
679,278.9239200232498,-112.95870518109552
680,231.04782397354563,-131.53575714352212
681,212.27612097321196,-118.9231079774784
682,245.24351150861443,-17.00227674258332
683,251.1351048390343,-67.60424177529518
684,279.29937012557025,-66.33802415882153
685,265.3111065725635,-103.45878297726874
686,311.4877389992202,-10.711031742610473
687,217.78164795125485,-92.97193577974909
688,260.1445645044632,-88.50876050803907
689,283.97125480224764,-78.73995874322878
690,333.97331066060246,-18.49233424225743
691,275.60409850081663,-20.714253128822
692,302.5850312592007,-65.75558050054154
693,245.07851953593735,-43.80466113454932
694,295.54700369733274,-39.28763714555229
695,222.49676262726652,-64.85359410890004
696,267.672053595475,-40.34737298347393
697,329.1279256824117,-76.96493641139935
698,285.15559210633756,11.980635705549014
699,338.1434923626839,-42.13192269551918
0,84.72095192909055,-10.812947295704895
1,75.77673495648456,-28.77779066425922
2,82.88193452782852,-99.68833060365922
3,90.11137062682937,-17.846878556909438
4,62.77794263347937,41.85871219835208
5,48.96344956773122,-29.558956315520497
6,128.67383236244086,-40.35353628925454
7,52.096145218954334,-17.73388803131527
8,93.45075953675534,-5.027793320828138
9,29.0359996588127,-25.173887812039755
10,49.137257290949684,-9.481544345625796
11,79.63362587175797,7.415161393124638
12,13.035904058313747,28.81021168835225
13,73.30901513310542,40.439141122264346
14,78.43160144823551,33.9413881695676
15,78.43399636725192,43.273437359940765
16,79.39571802972252,1.9197473388943962
17,131.1506902022316,33.48356893686456
18,79.39864778898244,-29.53757385093978
19,22.70531724035395,19.455128771835614
20,64.84834117964917,-5.845747793742227
21,63.80065701230309,62.122325759800624
22,79.48243215963043,-17.90065178059598
23,54.28540319009805,-5.973627015405306
24,44.97154288618704,7.591530031110715
25,41.207058537930514,-15.851360221888825
26,50.603152104655805,6.764450392480356
27,-34.59133662905809,86.92831565938428
28,84.77801053987056,15.782335020693274
29,51.46627092971269,-6.371105190279543
30,100.52467813674559,87.37857232943082
31,53.07015757997972,62.82069735339137
32,52.309927645596645,-6.359364191408957
33,33.34480449626594,39.299899402169245
34,30.6780509854361,30.353462312834736
35,40.15487601686772,36.02835565690503
36,43.015022678204836,8.148182059438518
37,18.45584957749847,2.9097399922812457
38,67.78917708345489,-20.272545513068593
39,71.52077093539361,85.90496446562472
40,26.27664278953192,-32.39460706964333
41,22.903082115850268,45.125799438914335
42,1.796831429963646,32.91279391833668
43,76.36576745213804,69.60080667147184
44,1.0416017979043204,2.973724349631766
45,17.260837240150046,45.71121753285725
46,40.22513054523391,37.23262269398017
47,38.92766675875552,112.48741375200837
48,46.26773161064092,54.09377079612747
49,14.505485868401173,45.902346353047726
50,53.59459478373588,38.811264625847265
51,17.686284781985655,60.15629497955403
52,-0.5900078658532095,18.397209587418274
53,22.267164265037326,58.652586090940446
54,25.680878390677137,45.346536571085075
55,45.376197609601746,35.88310172249471
56,58.173663789004586,10.548553293977278
57,17.900306668888263,77.99111942498786
58,-20.98004736436814,77.16945515957848
59,39.28725953029951,-1.3989135511065882
60,13.985523919171625,-9.06617485669561
61,-32.07796204416965,115.19124762679417
62,-22.584472285276128,31.64191718059392
63,-13.103044858474867,129.39508043222258
64,-64.15929833440484,36.275462724200224
65,33.66108195396126,123.95979537900084
66,-16.426062057098285,31.42802263125121
67,47.48360791051596,116.76050504877475
68,2.901732989297436,44.83939966332518
69,-21.018033898375734,64.64138710548241
70,-11.7066765283011,113.17932906889052
71,2.6615631870534466,37.481390533284404
72,15.48245887350611,79.3062472102805
73,-7.293784135896809,113.97429412584265
74,-63.34740748540651,68.92523263880611
75,-48.03787852911212,22.942285586520867
76,-23.786266044772347,145.25897955741854
77,-91.4813842881039,68.83425451134303
78,-19.15149628098833,73.34163197463587
79,-43.84668790223754,30.47569863345261
80,-35.54972106822551,46.508550820969994
81,-110.30595400559773,104.76499991171076
82,-17.92530007634893,70.1494330125829
83,-41.86589081240136,100.4582654543357
84,-44.06097937843343,94.93528671622
85,-61.75955303728106,106.71740244453443
86,-45.245416938504945,72.67987442103934
87,-94.99381472288752,74.92493230881708
88,-83.86182721928067,46.583467957351914
89,-85.36296828697834,33.11860367253861
90,0.8564774166505487,104.3778088834002
91,-7.246179667853667,27.041348362522257
92,-64.674842771141,24.172419832702275
93,-89.6224049611222,34.64250565635282
94,-33.486144114333165,49.4676554212073
95,-40.52654914568674,78.6063319342575
96,-5.354355355349057,15.187849329749582
97,-38.55260631838218,93.01358403514331
98,-107.37673255098252,87.84466809858115
99,-69.91565110921312,49.77825257984164
100,-106.52076554647299,33.963142472575086
101,-22.088316624321855,54.453277118925996
102,-61.875254878390614,29.56514262098336
103,-110.46694515509233,84.57446519086868
104,-129.26581157579326,38.4452864003366
105,-89.43908915407052,52.99416985762121
106,-97.48757657831568,60.2439391654617
107,-72.9567263003346,69.09045064135886
108,-124.91617465904531,37.17485262731175
109,-61.070174779577655,71.15389817495561
110,-139.64049413730078,53.44125975270723
111,-159.3130915325808,42.85531502509144
112,-44.514257460901,11.529552533266973
113,-127.9265541068886,61.37560404005467
114,-150.59852800402876,17.93040973933467
115,-87.80627143772304,16.313484968328467
116,-114.13042389390806,56.06797028432002
117,-95.72296322648712,40.119329916693104
118,-119.82666018052078,41.561744944306156
119,-114.61367984048744,42.512693527020865
120,-127.02288166690974,21.594287537056985
121,-142.99085784757034,24.28892662414737
122,-138.76281845906684,-9.838714006960103
123,-107.776591580389,28.184894213042874
124,-93.11632832998667,7.066232912747061
125,-105.38908259928368,34.699294578381455
126,-105.2771436881736,-8.44000697207806
127,-115.0902715558056,25.38772680013262
128,-120.26735123936368,-50.016400594625246
129,-116.53985704505568,77.0495954894973
130,-132.98749322155953,-13.090754290449318
131,-111.77719179748318,16.183801582464966
132,-87.94614398669671,-32.8788399450851
133,-102.49622944649832,20.59932651140224
134,-129.37004773773174,11.062318975145452
135,-94.848225305256,25.072641095300717
136,-160.60683604197766,21.496727664191148
137,-128.79897426383866,-2.9447883430490123
138,-125.1619805572652,-11.672202652882184
139,-92.06353516016861,-11.72036971370039
140,-161.81510892436393,-23.06776422051936
141,-123.23876220273623,23.553318200521776
142,-110.83439274783382,-40.90775550617012
143,-54.655772631081035,-9.523417314230155
144,-91.19046739685689,-24.0985866805515
145,-113.64850858378695,3.551839468783715
146,-93.25683149019947,8.00010111427811
147,-103.7463730076965,-35.265036562903276
148,-147.1304496061664,-17.92753270193836
149,-102.00615782976791,-36.681621023298156
150,-98.02290937605295,11.48426037624974
151,-157.40191058208842,-59.29518648680831
152,-134.01392460998724,-27.0506719072554
153,-145.38629633796197,2.19829603278283
154,-116.7301836912738,-39.26943487954312
155,-172.2887558475036,-82.0077978492556
156,-120.49695578784466,-108.58617164088622
157,-98.22048141772835,-51.421490002779805
158,-30.935935985026873,20.499356059910884
159,-133.25823215080607,-53.981279157715356
160,-97.49044486725514,-1.7399087135244216
161,-175.99918783594362,-108.46025267712605
162,-144.97730084639727,-39.40985456631063
163,-110.82574203797884,-26.810036044931596
164,-161.09657748047462,-130.386015326561
165,-98.69721116468376,-87.73255286281531
166,-184.2828348808483,-60.50529235340002
167,-99.18237794226485,-70.47416923210608
168,-135.92176674432477,-73.53242560958745
169,-132.4720286362836,-111.115077665785
170,-141.92312555631491,-56.93953200609279
171,-109.9208197826463,-69.42172373948812
172,-148.47481237872287,-81.77469837605616
173,-182.942619397672,-72.8210674936098
174,-73.73680914403685,-124.22396396126314
175,-133.11425621558334,-71.92949757600911
176,-76.847513517377,-97.02941798690412
177,-134.05963394898689,-144.40684919681684
178,-109.01177703412725,-25.809075564130794
179,-102.5809455785545,-89.44689460475867
180,-99.9905224794101,-90.7926716046955
181,-132.75977690038792,-67.41638055749983
182,-100.27847858422632,-93.21400141685922
183,-134.96048638352318,-56.236822440967735
184,-84.37340018774614,-113.50068575690484
185,-72.84211713168307,-113.38183574442505
186,-124.90737273861146,-122.75742757574513
187,-153.0983906439793,-87.30099655073414
188,-153.3890569430194,-139.750177680114
189,-159.18070090824185,-106.89657333146619
190,-99.85167420716674,-115.50039196076654
191,-125.01972981498632,-142.2183368806781
192,-78.18368212143383,-124.88590368383859
193,-80.96916184015319,-136.21045238614624
194,-83.34664294611486,-71.80335831801281
195,-69.48638275665971,-124.48733545986478
196,-77.6231858136566,-120.51207930691632
197,-83.34627395705786,-124.20112411465658
198,-86.73275711387475,-109.1736254238254
199,-109.80076098745856,-147.07890518814318
200,-119.83164402510795,-165.63880113949762
201,-112.84808427860058,-113.83648271899757
202,-101.24714338324935,-104.16274209700836
203,-71.53651669393044,-179.53783164974357
204,-51.02439678092939,-97.03058639650877
205,-98.56743889025593,-109.58056887200028
206,-92.50740239074383,-120.04753728637506
207,-102.79215694083051,-177.52139252522647
208,-74.37118036224744,-128.14950541199318
209,-72.83209024593287,-160.62656837619215
210,-70.90015155838132,-117.6531071757847
211,-58.238772965202685,-120.84122576178942
212,-74.97244473011251,-91.7067786713783
213,-88.12028710770909,-112.73108137471445
214,-15.334436292977134,-113.38751729091369
215,-54.81385827051746,-144.07763647275823
216,-15.59424514022259,-171.2888514649007
217,-73.71203066763056,-140.85396626105046
218,-5.4037106310705205,-117.8184410502209
219,-69.49421908207279,-138.76142069837445
220,-56.79747865612042,-150.94295569195646
221,-6.912365196228035,-170.95496672073233
222,14.075860299111216,-105.06539230434716
223,0.6316081297751794,-143.8662537082423
224,-34.4982215723733,-172.99455443574135
225,-43.64563022366845,-115.16842291819003
226,13.069457226361836,-163.1269875139594
227,-34.68612615662669,-134.34164944980282
228,-63.505891732543105,-111.90880867219843
229,-41.26686362551297,-135.31390007213804
230,-31.025157800925992,-152.89162530303804
231,-15.603046708175523,-135.3955206533395
232,-24.478861796749825,-150.45345235746078
233,-1.6761284179389122,-78.62020701810032
234,-5.012213933050322,-97.93121362604671
235,-48.87157074353834,-122.62504710850294
236,-38.052060852646584,-171.16606393882017
237,-25.289160162244542,-90.55927664735863
238,27.403654554536466,-118.44180809157476
239,-45.0793173592032,-130.99407117115345
240,11.937664940910338,-119.17155013639018
241,-50.45660277224094,-150.43773438978533
242,4.890122344006244,-106.88892130330946
243,-57.13227598778818,-127.05003442324585
244,14.965127403948546,-95.86618610877372
245,33.36365668363028,-103.00556568233785
246,-9.534697282565311,-176.81124013764054
247,4.538020800144075,-88.5714031668647
248,59.979003235904436,-96.31419493545282
249,32.88022468405196,-105.21335092686493
250,5.119138534489586,-119.43823482265928
251,73.65476527268953,-142.70953272395784
252,73.78251864562992,-122.95296870577172
253,66.83432004129546,-154.3193711982966
254,46.35565126418677,-133.0048035159234
255,-11.998104271488195,-103.09697053009131
256,62.39893168571001,-133.71758889038892
257,-11.228079838883104,-109.80666720762761
258,32.719000535695045,-89.24991673854075
259,65.40089777682043,-106.0969379859143
260,94.11981003669669,-96.16982040608247
261,29.573538871129514,-149.79428873636522
262,33.56748235379525,-110.05794241367069
263,71.70600663058525,-84.58020187086328
264,8.93340889876086,-91.74542904355476
265,65.84544071704721,-49.50111961737559
266,73.67644330000067,-70.9169993455247
267,50.17192557103887,-80.46541786512756
268,87.13813882360434,-130.44323341062702
269,40.41851962098605,-111.95558769193454
270,63.489514475154095,-50.16469149891959
271,35.38289546937768,-157.04828594841763
272,42.066170199467365,-56.178467537377514
273,71.665323104547,-68.95711350299582
274,48.20274132220944,-118.37092208659364
275,73.08949765312033,-103.20382171121035
276,124.14325992453513,-59.21438726135074
277,42.151726947322715,-92.80507534015167
278,57.69437904819429,-79.7629868171598
279,94.85955903015868,-65.0811792152587
280,40.237362991594196,-12.03833809053684
281,64.4568985344318,-43.74726498940096
282,45.48140372584637,-53.963735899845844
283,73.77093675804394,-119.57614343674298
284,125.56390494333453,-22.18236560981843
285,53.81609026882709,-91.97127190812287
286,76.74310509387234,-54.29105107909477
287,77.52838456975998,-49.121666830662846
288,82.54511996649379,-9.415916029311472
289,84.85785622723994,-82.28083404907423
290,109.10561065424241,0.48030544607606274
291,163.16130574241305,-80.38169566879822
292,76.21369369080708,-107.07126395191086
293,85.80594482282406,-58.979332301433644
294,127.15556338157593,-63.69129542732289
295,18.97379478593257,-52.50569655430717
296,10.538039706313029,-13.746068317712112
297,7.959791622196221,-33.33383793742523
298,7.643713751798643,-41.703176124435025
299,119.30134467413602,-19.180563256926263
0,319.0,-335.0
1,543.0,111.0
2,-531.0,-544.0
3,-562.0,200.0
4,441.0,131.0
5,224.0,155.0
6,-249.0,-318.0
7,-491.0,416.0
8,-57.0,-576.0
9,242.0,190.0
10,137.0,-544.0
11,-421.0,-369.0
12,-258.0,-124.0
13,-25.0,-146.0
14,-312.0,-343.0
15,-71.0,86.0
16,328.0,-372.0
17,-5.0,-166.0
18,281.0,420.0
19,-199.0,21.0
20,-513.0,-17.0
21,-292.0,305.0
22,-258.0,-165.0
23,-424.0,-462.0
24,-407.0,587.0
25,584.0,342.0
26,-76.0,465.0
27,314.0,-391.0
28,140.0,261.0
29,353.0,232.0
30,-461.0,191.0
31,-55.0,416.0
32,-544.0,-489.0
33,-596.0,436.0
34,-511.0,15.0
35,290.0,97.0
36,297.0,370.0
37,531.0,67.0
38,-7.0,-12.0
39,-116.0,381.0
40,371.0,38.0
41,396.0,-319.0
42,385.0,511.0
43,-585.0,574.0
44,335.0,-347.0
45,-272.0,-57.0
46,182.0,396.0
47,244.0,592.0
48,-235.0,54.0
49,159.0,38.0
50,463.0,323.0
51,-185.0,-346.0
52,566.0,109.0
53,-24.0,299.0
54,-590.0,-575.0
55,356.0,-180.0
56,-105.0,-364.0
57,408.0,-382.0
58,-140.0,62.0
59,34.0,567.0
60,389.0,-412.0
61,-346.0,-533.0
62,15.0,-265.0
63,70.0,220.0
64,273.0,-301.0
65,-244.0,-345.0
66,407.0,-248.0
67,-77.0,349.0
68,155.0,-317.0
69,-502.0,-404.0
70,-119.0,277.0
71,14.0,17.0
72,-233.0,-31.0
73,-11.0,498.0
74,465.0,-179.0
75,235.0,-56.0
76,-530.0,528.0
77,524.0,167.0
78,-294.0,-224.0
79,54.0,77.0
80,-202.0,-380.0
81,-419.0,-294.0
82,-79.0,413.0
83,-597.0,262.0
84,247.0,203.0
85,-386.0,371.0
86,-500.0,362.0
87,-28.0,57.0
88,338.0,486.0
89,-375.0,-496.0
90,171.0,-172.0
91,-167.0,451.0
92,81.0,-13.0
93,492.0,265.0
94,145.0,590.0
95,263.0,-233.0
96,-350.0,258.0
97,255.0,593.0
98,513.0,-40.0
99,-307.0,318.0
100,573.0,555.0
101,-168.0,-542.0
102,368.0,235.0
103,-402.0,-386.0
104,297.0,-129.0
105,-354.0,-219.0
106,390.0,326.0
107,591.0,-41.0
108,474.0,88.0
109,-221.0,-127.0
110,503.0,96.0
111,310.0,359.0
112,-123.0,403.0
113,325.0,106.0
114,253.0,537.0
115,416.0,153.0
116,-98.0,216.0
117,-13.0,107.0
118,467.0,507.0
119,-394.0,-450.0
120,67.0,-73.0
121,-436.0,316.0
122,568.0,409.0
123,-564.0,-268.0
124,-198.0,-187.0
125,-556.0,-395.0
126,-539.0,-181.0
127,267.0,219.0
128,-582.0,-236.0
129,430.0,-173.0
130,540.0,-21.0
131,-55.0,-276.0
132,-546.0,177.0
133,391.0,-559.0
134,-370.0,-148.0
135,-207.0,551.0
136,90.0,-209.0
137,3.0,280.0
138,501.0,-516.0
139,453.0,-552.0
140,568.0,-532.0
141,481.0,96.0
142,-122.0,219.0
143,594.0,-454.0
144,415.0,8.0
145,-155.0,-380.0
146,-506.0,-339.0
147,296.0,494.0
148,-382.0,-509.0
149,-474.0,-521.0
150,382.0,315.0
151,-115.0,93.0
152,-576.0,-445.0
153,31.0,480.0
154,-582.0,-364.0
155,-324.0,144.0
156,-49.0,576.0
157,38.0,-364.0
158,397.0,-546.0
159,83.0,-492.0
160,-228.0,372.0
161,-400.0,248.0
162,-92.0,-326.0
163,-390.0,-97.0
164,541.0,102.0
165,-559.0,-286.0
166,187.0,-272.0
167,440.0,-318.0
168,342.0,-343.0
169,-26.0,-27.0
170,11.0,442.0
171,236.0,-178.0
172,157.0,162.0
173,504.0,-177.0
174,-172.0,-397.0
175,-405.0,127.0
176,-316.0,-405.0
177,-294.0,-587.0
178,569.0,480.0
179,122.0,179.0
180,-72.0,197.0
181,-257.0,-392.0
182,40.0,-349.0
183,-330.0,319.0
184,-182.0,194.0
185,499.0,124.0
186,-168.0,-492.0
187,40.0,470.0
188,-222.0,519.0
189,357.0,-498.0
190,291.0,253.0
191,569.0,450.0
192,-71.0,78.0
193,388.0,505.0
194,-173.0,221.0
195,585.0,331.0
196,461.0,-90.0
197,-208.0,112.0
198,-107.0,-54.0
199,-7.0,-212.0
200,-443.0,427.0
201,-434.0,359.0
202,-192.0,-407.0
203,-366.0,117.0
204,573.0,582.0
205,215.0,-197.0
206,292.0,77.0
207,-533.0,-513.0
208,-384.0,-600.0
209,558.0,-461.0
210,17.0,-468.0
211,-423.0,209.0
212,-221.0,307.0
213,57.0,-151.0
214,-15.0,-138.0
215,389.0,531.0
216,-479.0,-584.0
217,-274.0,-283.0
218,208.0,-98.0
219,-482.0,109.0
220,-556.0,-287.0
221,-183.0,-45.0
222,501.0,-275.0
223,-86.0,-387.0
224,-527.0,-92.0
225,-269.0,516.0
226,87.0,56.0
227,427.0,561.0
228,-1.0,475.0
229,-276.0,391.0
230,116.0,122.0
231,-324.0,-65.0
232,-449.0,354.0
233,-342.0,-277.0
234,416.0,268.0
235,591.0,87.0
236,-291.0,202.0
237,479.0,19.0
238,-128.0,-140.0
239,213.0,245.0
240,564.0,66.0
241,-339.0,-246.0
242,169.0,-421.0
243,-535.0,219.0
244,-430.0,-127.0
245,-67.0,530.0
246,-162.0,234.0
247,-374.0,-159.0
248,-205.0,127.0
249,-517.0,436.0
250,92.0,-108.0
251,543.0,369.0
252,-248.0,480.0
253,-561.0,39.0
254,-428.0,-342.0
255,-84.0,129.0
256,-78.0,238.0
257,-484.0,-417.0
258,539.0,-439.0
259,-58.0,238.0
260,489.0,493.0
261,-154.0,-185.0
262,-69.0,-160.0
263,137.0,-137.0
264,-205.0,110.0
265,-206.0,-275.0
266,514.0,149.0
267,493.0,589.0
268,41.0,-387.0
269,-232.0,-552.0
270,475.0,-468.0
271,398.0,185.0
272,589.0,-228.0
273,-122.0,231.0
274,49.0,81.0
275,87.0,-519.0
276,-514.0,-376.0
277,-585.0,221.0
278,-438.0,-87.0
279,-251.0,80.0
280,515.0,-420.0
281,142.0,59.0
282,-108.0,322.0
283,-473.0,-36.0
284,-51.0,-148.0
285,-130.0,387.0
286,137.0,-377.0
287,-447.0,-41.0
288,-250.0,570.0
289,-252.0,-419.0
290,36.0,417.0
291,-422.0,462.0
292,171.0,293.0
293,426.0,415.0
294,-537.0,-572.0
295,-229.0,-504.0
296,392.0,-580.0
297,134.0,525.0
298,469.0,-535.0
299,2.0,587.0
